id,agent_type,trial,response
1,naive,25,-50
1,naive,10,50
1,naive,14,50
1,naive,15,50
1,naive,13,50
1,naive,2,-50
1,naive,17,50
1,naive,12,30
1,naive,8,-40
1,naive,26,0
1,naive,11,50
1,naive,1,-50
1,naive,4,-32
1,naive,21,-1
1,naive,19,-14
1,naive,16,50
1,naive,27,-35
1,naive,23,-1
1,naive,3,-50
1,naive,5,-50
1,naive,20,13
1,naive,22,1
1,naive,18,0
1,naive,6,-50
1,naive,24,-26
1,naive,7,-50
1,naive,9,-50
2,sophisticated,27,-42
2,sophisticated,2,-20
2,sophisticated,8,11
2,sophisticated,6,-2
2,sophisticated,12,31
2,sophisticated,11,-19
2,sophisticated,25,24
2,sophisticated,17,15
2,sophisticated,23,0
2,sophisticated,14,-21
2,sophisticated,21,-22
2,sophisticated,3,20
2,sophisticated,24,-18
2,sophisticated,16,13
2,sophisticated,26,-14
2,sophisticated,4,-27
2,sophisticated,15,24
2,sophisticated,22,23
2,sophisticated,7,-18
2,sophisticated,13,24
2,sophisticated,5,15
2,sophisticated,10,26
2,sophisticated,20,-13
2,sophisticated,9,12
2,sophisticated,19,-22
2,sophisticated,1,-1
2,sophisticated,18,-17
3,sophisticated,15,30
3,sophisticated,4,-20
3,sophisticated,19,-4
3,sophisticated,22,-15
3,sophisticated,13,21
3,sophisticated,20,0
3,sophisticated,8,21
3,sophisticated,23,-3
3,sophisticated,9,-29
3,sophisticated,21,0
3,sophisticated,25,4
3,sophisticated,16,0
3,sophisticated,17,13
3,sophisticated,3,-34
3,sophisticated,10,3
3,sophisticated,2,-11
3,sophisticated,1,-21
3,sophisticated,27,-22
3,sophisticated,18,11
3,sophisticated,11,1
3,sophisticated,12,9
3,sophisticated,24,-16
3,sophisticated,5,-13
3,sophisticated,14,24
3,sophisticated,26,0
3,sophisticated,7,-25
3,sophisticated,6,-6
4,naive,15,50
4,naive,14,50
4,naive,7,-50
4,naive,1,-50
4,naive,19,0
4,naive,22,-9
4,naive,9,-50
4,naive,18,26
4,naive,10,35
4,naive,12,20
4,naive,2,-50
4,naive,13,50
4,naive,4,-47
4,naive,5,-38
4,naive,8,-21
4,naive,24,-7
4,naive,11,37
4,naive,23,-10
4,naive,17,50
4,naive,6,-40
4,naive,26,0
4,naive,27,-19
4,naive,16,46
4,naive,25,0
4,naive,20,0
4,naive,3,-50
4,naive,21,8
5,sophisticated,14,50
5,sophisticated,13,48
5,sophisticated,10,49
5,sophisticated,8,2
5,sophisticated,22,24
5,sophisticated,23,50
5,sophisticated,7,-40
5,sophisticated,3,-41
5,sophisticated,26,-18
5,sophisticated,16,4
5,sophisticated,25,-44
5,sophisticated,1,-47
5,sophisticated,11,44
5,sophisticated,24,-48
5,sophisticated,18,-38
5,sophisticated,9,-40
5,sophisticated,6,-43
5,sophisticated,15,47
5,sophisticated,19,-45
5,sophisticated,12,48
5,sophisticated,21,-49
5,sophisticated,5,-10
5,sophisticated,2,46
5,sophisticated,4,-44
5,sophisticated,17,49
5,sophisticated,20,48
5,sophisticated,27,-48
6,sophisticated,15,50
6,sophisticated,13,32
6,sophisticated,20,0
6,sophisticated,5,-39
6,sophisticated,12,-1
6,sophisticated,10,0
6,sophisticated,19,0
6,sophisticated,7,-50
6,sophisticated,4,-32
6,sophisticated,24,-4
6,sophisticated,27,-5
6,sophisticated,17,50
6,sophisticated,18,-15
6,sophisticated,23,6
6,sophisticated,21,1
6,sophisticated,6,-36
6,sophisticated,8,-20
6,sophisticated,1,-23
6,sophisticated,2,-28
6,sophisticated,3,-50
6,sophisticated,11,9
6,sophisticated,9,-29
6,sophisticated,25,-37
6,sophisticated,26,-1
6,sophisticated,16,50
6,sophisticated,22,-1
6,sophisticated,14,50
7,naive,20,-13
7,naive,10,50
7,naive,21,10
7,naive,26,0
7,naive,9,-50
7,naive,3,-50
7,naive,12,40
7,naive,27,-38
7,naive,17,25
7,naive,16,-17
7,naive,15,50
7,naive,7,-44
7,naive,1,-50
7,naive,14,50
7,naive,8,-44
7,naive,2,-50
7,naive,6,-49
7,naive,18,40
7,naive,19,-13
7,naive,22,-38
7,naive,23,-39
7,naive,13,49
7,naive,11,49
7,naive,25,44
7,naive,5,-50
7,naive,24,-35
7,naive,4,-50
8,naive,8,-48
8,naive,24,-49
8,naive,23,-48
8,naive,14,49
8,naive,9,-49
8,naive,7,-48
8,naive,27,-49
8,naive,3,-50
8,naive,11,50
8,naive,16,49
8,naive,10,49
8,naive,18,48
8,naive,2,-49
8,naive,6,-49
8,naive,20,0
8,naive,5,-50
8,naive,15,49
8,naive,17,49
8,naive,22,-49
8,naive,19,22
8,naive,26,0
8,naive,12,49
8,naive,25,50
8,naive,1,-48
8,naive,13,48
8,naive,21,26
8,naive,4,-49
9,sophisticated,22,-8
9,sophisticated,4,-27
9,sophisticated,13,44
9,sophisticated,17,0
9,sophisticated,5,-28
9,sophisticated,27,-45
9,sophisticated,26,0
9,sophisticated,14,46
9,sophisticated,24,-13
9,sophisticated,16,32
9,sophisticated,1,-44
9,sophisticated,2,-41
9,sophisticated,3,-46
9,sophisticated,18,37
9,sophisticated,20,42
9,sophisticated,21,-43
9,sophisticated,19,-35
9,sophisticated,23,-34
9,sophisticated,25,-42
9,sophisticated,12,41
9,sophisticated,9,-17
9,sophisticated,11,41
9,sophisticated,7,-47
9,sophisticated,15,39
9,sophisticated,6,-35
9,sophisticated,10,37
9,sophisticated,8,-27
10,sophisticated,5,-32
10,sophisticated,27,-14
10,sophisticated,24,-2
10,sophisticated,23,-25
10,sophisticated,3,-19
10,sophisticated,6,-32
10,sophisticated,25,34
10,sophisticated,7,-37
10,sophisticated,8,-24
10,sophisticated,19,-17
10,sophisticated,18,23
10,sophisticated,21,-1
10,sophisticated,4,-23
10,sophisticated,16,21
10,sophisticated,2,-29
10,sophisticated,22,-40
10,sophisticated,1,-23
10,sophisticated,13,28
10,sophisticated,9,-35
10,sophisticated,14,34
10,sophisticated,26,-1
10,sophisticated,17,35
10,sophisticated,11,35
10,sophisticated,15,40
10,sophisticated,12,35
10,sophisticated,10,36
10,sophisticated,20,0
11,sophisticated,10,50
11,sophisticated,25,-50
11,sophisticated,1,-50
11,sophisticated,17,50
11,sophisticated,6,-50
11,sophisticated,12,25
11,sophisticated,22,-6
11,sophisticated,9,-50
11,sophisticated,14,50
11,sophisticated,16,49
11,sophisticated,8,-42
11,sophisticated,2,-50
11,sophisticated,24,-26
11,sophisticated,11,30
11,sophisticated,21,17
11,sophisticated,19,3
11,sophisticated,26,0
11,sophisticated,23,-17
11,sophisticated,7,-50
11,sophisticated,3,-50
11,sophisticated,15,50
11,sophisticated,27,-30
11,sophisticated,20,4
11,sophisticated,4,-33
11,sophisticated,5,-39
11,sophisticated,18,39
11,sophisticated,13,50
12,naive,9,-36
12,naive,22,-8
12,naive,2,-32
12,naive,7,-50
12,naive,27,-8
12,naive,10,36
12,naive,12,0
12,naive,24,-5
12,naive,21,0
12,naive,20,-1
12,naive,8,-12
12,naive,11,45
12,naive,23,-5
12,naive,14,48
12,naive,13,41
12,naive,18,4
12,naive,17,35
12,naive,1,-44
12,naive,6,-25
12,naive,26,0
12,naive,19,0
12,naive,3,-47
12,naive,16,28
12,naive,25,-5
12,naive,4,-26
12,naive,5,-19
12,naive,15,43
13,naive,11,41
13,naive,7,-45
13,naive,2,-45
13,naive,15,43
13,naive,16,39
13,naive,3,-44
13,naive,4,-40
13,naive,24,-19
13,naive,17,44
13,naive,19,-34
13,naive,13,36
13,naive,23,1
13,naive,26,-8
13,naive,9,-45
13,naive,22,-14
13,naive,1,-40
13,naive,10,47
13,naive,5,-41
13,naive,14,47
13,naive,27,-19
13,naive,12,39
13,naive,25,-28
13,naive,8,-40
13,naive,21,13
13,naive,6,-41
13,naive,20,24
13,naive,18,17
14,naive,24,40
14,naive,26,24
14,naive,2,-50
14,naive,23,-31
14,naive,17,50
14,naive,21,0
14,naive,13,0
14,naive,12,-21
14,naive,5,-19
14,naive,11,29
14,naive,9,-29
14,naive,27,29
14,naive,25,-30
14,naive,19,-3
14,naive,7,-40
14,naive,3,10
14,naive,4,-36
14,naive,1,-23
14,naive,6,-44
14,naive,10,30
14,naive,16,46
14,naive,8,-50
14,naive,14,50
14,naive,20,0
14,naive,18,0
14,naive,22,-32
14,naive,15,-26
15,naive,1,-43
15,naive,10,43
15,naive,23,2
15,naive,9,-38
15,naive,3,-50
15,naive,18,-5
15,naive,22,0
15,naive,16,50
15,naive,13,50
15,naive,24,-26
15,naive,17,50
15,naive,5,-34
15,naive,2,-50
15,naive,15,50
15,naive,27,-26
15,naive,8,-36
15,naive,11,31
15,naive,4,-32
15,naive,7,-50
15,naive,14,50
15,naive,19,-1
15,naive,25,21
15,naive,21,0
15,naive,26,0
15,naive,20,0
15,naive,12,11
15,naive,6,-35
16,sophisticated,1,-41
16,sophisticated,7,-5
16,sophisticated,12,11
16,sophisticated,24,-3
16,sophisticated,18,10
16,sophisticated,23,1
16,sophisticated,15,36
16,sophisticated,26,0
16,sophisticated,21,4
16,sophisticated,25,4
16,sophisticated,10,44
16,sophisticated,27,-5
16,sophisticated,6,-25
16,sophisticated,19,0
16,sophisticated,4,-18
16,sophisticated,22,-4
16,sophisticated,9,-30
16,sophisticated,17,42
16,sophisticated,5,-25
16,sophisticated,3,-34
16,sophisticated,8,-7
16,sophisticated,14,41
16,sophisticated,16,12
16,sophisticated,20,0
16,sophisticated,13,35
16,sophisticated,2,-38
16,sophisticated,11,27
17,naive,16,46
17,naive,21,-37
17,naive,18,32
17,naive,9,-50
17,naive,7,-44
17,naive,6,-44
17,naive,14,49
17,naive,2,-47
17,naive,15,47
17,naive,3,-49
17,naive,25,-48
17,naive,8,17
17,naive,20,5
17,naive,19,-15
17,naive,23,11
17,naive,10,50
17,naive,1,-50
17,naive,22,-1
17,naive,4,-46
17,naive,17,24
17,naive,26,-1
17,naive,27,-5
17,naive,12,34
17,naive,11,48
17,naive,13,49
17,naive,5,-49
17,naive,24,0
18,naive,10,49
18,naive,24,-50
18,naive,20,21
18,naive,7,-49
18,naive,1,-49
18,naive,23,-49
18,naive,16,48
18,naive,14,48
18,naive,4,-49
18,naive,26,0
18,naive,27,-50
18,naive,17,48
18,naive,8,-49
18,naive,15,49
18,naive,18,-49
18,naive,22,-49
18,naive,19,-49
18,naive,25,39
18,naive,11,49
18,naive,21,39
18,naive,2,-50
18,naive,12,48
18,naive,6,-49
18,naive,3,-49
18,naive,13,49
18,naive,5,-49
18,naive,9,-48
19,sophisticated,23,0
19,sophisticated,25,-18
19,sophisticated,2,-29
19,sophisticated,5,-22
19,sophisticated,15,19
19,sophisticated,7,-26
19,sophisticated,26,0
19,sophisticated,17,14
19,sophisticated,18,-5
19,sophisticated,24,0
19,sophisticated,11,8
19,sophisticated,10,9
19,sophisticated,9,-21
19,sophisticated,3,-20
19,sophisticated,4,-20
19,sophisticated,20,-1
19,sophisticated,21,0
19,sophisticated,12,-1
19,sophisticated,6,-14
19,sophisticated,8,-8
19,sophisticated,14,15
19,sophisticated,19,-2
19,sophisticated,16,18
19,sophisticated,1,-22
19,sophisticated,27,-2
19,sophisticated,13,18
19,sophisticated,22,-4
20,sophisticated,12,0
20,sophisticated,20,0
20,sophisticated,4,0
20,sophisticated,26,0
20,sophisticated,6,0
20,sophisticated,11,14
20,sophisticated,22,0
20,sophisticated,24,0
20,sophisticated,1,-24
20,sophisticated,8,-24
20,sophisticated,10,6
20,sophisticated,14,35
20,sophisticated,9,-17
20,sophisticated,13,16
20,sophisticated,17,30
20,sophisticated,2,-41
20,sophisticated,7,-27
20,sophisticated,19,0
20,sophisticated,16,16
20,sophisticated,25,12
20,sophisticated,23,0
20,sophisticated,5,-10
20,sophisticated,21,-1
20,sophisticated,18,0
20,sophisticated,3,-30
20,sophisticated,27,0
20,sophisticated,15,25
21,naive,21,-20
21,naive,4,-49
21,naive,5,-48
21,naive,17,49
21,naive,2,-48
21,naive,19,-17
21,naive,26,-2
21,naive,25,-45
21,naive,13,45
21,naive,27,-49
21,naive,14,49
21,naive,11,42
21,naive,1,-46
21,naive,15,47
21,naive,23,-19
21,naive,7,-47
21,naive,10,40
21,naive,22,-39
21,naive,16,48
21,naive,8,-44
21,naive,3,-48
21,naive,12,41
21,naive,20,36
21,naive,18,46
21,naive,9,-49
21,naive,24,-36
21,naive,6,-50
22,sophisticated,25,50
22,sophisticated,26,0
22,sophisticated,24,-50
22,sophisticated,2,0
22,sophisticated,18,25
22,sophisticated,21,39
22,sophisticated,16,-50
22,sophisticated,27,-50
22,sophisticated,9,-50
22,sophisticated,1,-50
22,sophisticated,10,50
22,sophisticated,22,-50
22,sophisticated,5,-50
22,sophisticated,17,50
22,sophisticated,20,0
22,sophisticated,13,50
22,sophisticated,14,50
22,sophisticated,3,-50
22,sophisticated,15,50
22,sophisticated,4,-50
22,sophisticated,23,-50
22,sophisticated,11,50
22,sophisticated,19,0
22,sophisticated,12,50
22,sophisticated,6,-50
22,sophisticated,7,-50
22,sophisticated,8,-50
23,naive,6,-39
23,naive,19,-20
23,naive,26,-6
23,naive,24,-19
23,naive,9,-41
23,naive,22,-1
23,naive,15,41
23,naive,18,-6
23,naive,8,-30
23,naive,16,42
23,naive,13,35
23,naive,25,-35
23,naive,11,36
23,naive,3,-45
23,naive,23,19
23,naive,1,-36
23,naive,10,49
23,naive,7,-37
23,naive,17,43
23,naive,12,17
23,naive,27,-29
23,naive,21,1
23,naive,20,18
23,naive,4,-30
23,naive,5,-35
23,naive,2,-42
23,naive,14,42
24,naive,11,48
24,naive,3,-48
24,naive,16,24
24,naive,14,50
24,naive,12,0
24,naive,2,-50
24,naive,21,0
24,naive,4,-48
24,naive,7,-50
24,naive,9,-49
24,naive,5,-49
24,naive,1,-50
24,naive,25,-49
24,naive,22,0
24,naive,26,0
24,naive,13,50
24,naive,6,-49
24,naive,24,-3
24,naive,20,-4
24,naive,10,45
24,naive,17,47
24,naive,23,0
24,naive,18,0
24,naive,19,0
24,naive,8,-39
24,naive,27,-26
24,naive,15,50
25,sophisticated,1,-43
25,sophisticated,22,-10
25,sophisticated,21,1
25,sophisticated,12,25
25,sophisticated,6,-33
25,sophisticated,8,-4
25,sophisticated,26,0
25,sophisticated,19,24
25,sophisticated,3,-42
25,sophisticated,16,36
25,sophisticated,14,37
25,sophisticated,5,-20
25,sophisticated,11,33
25,sophisticated,13,20
25,sophisticated,7,-26
25,sophisticated,9,-27
25,sophisticated,10,12
25,sophisticated,18,6
25,sophisticated,20,-2
25,sophisticated,4,-29
25,sophisticated,23,0
25,sophisticated,2,-39
25,sophisticated,17,22
25,sophisticated,27,-9
25,sophisticated,25,-5
25,sophisticated,15,29
25,sophisticated,24,-10
26,naive,20,46
26,naive,1,-47
26,naive,18,-26
26,naive,24,-30
26,naive,14,35
26,naive,12,43
26,naive,8,-38
26,naive,4,-44
26,naive,3,-49
26,naive,17,50
26,naive,7,-38
26,naive,15,48
26,naive,21,-32
26,naive,25,-31
26,naive,10,31
26,naive,13,33
26,naive,2,-34
26,naive,19,-36
26,naive,9,-41
26,naive,11,39
26,naive,23,37
26,naive,6,-43
26,naive,5,-34
26,naive,22,21
26,naive,26,-12
26,naive,16,37
26,naive,27,-35
27,naive,8,-50
27,naive,19,-48
27,naive,13,48
27,naive,20,48
27,naive,12,48
27,naive,18,48
27,naive,27,-49
27,naive,24,-50
27,naive,21,48
27,naive,10,49
27,naive,3,-50
27,naive,5,-49
27,naive,6,-49
27,naive,7,-48
27,naive,17,48
27,naive,9,-48
27,naive,11,48
27,naive,26,-47
27,naive,16,-49
27,naive,25,49
27,naive,1,-48
27,naive,14,48
27,naive,15,48
27,naive,4,-48
27,naive,23,0
27,naive,2,-49
27,naive,22,-50
28,sophisticated,1,-49
28,sophisticated,4,-50
28,sophisticated,20,-3
28,sophisticated,7,-50
28,sophisticated,8,-40
28,sophisticated,11,50
28,sophisticated,10,50
28,sophisticated,26,0
28,sophisticated,21,-8
28,sophisticated,24,-23
28,sophisticated,19,0
28,sophisticated,18,50
28,sophisticated,27,2
28,sophisticated,13,46
28,sophisticated,12,50
28,sophisticated,16,50
28,sophisticated,17,50
28,sophisticated,22,14
28,sophisticated,23,4
28,sophisticated,9,-50
28,sophisticated,15,49
28,sophisticated,3,-50
28,sophisticated,6,-49
28,sophisticated,5,-50
28,sophisticated,2,-50
28,sophisticated,25,-49
28,sophisticated,14,49
29,naive,10,34
29,naive,11,29
29,naive,6,-33
29,naive,9,-29
29,naive,20,28
29,naive,14,29
29,naive,1,-35
29,naive,5,-32
29,naive,7,-31
29,naive,15,30
29,naive,18,-23
29,naive,26,-19
29,naive,16,31
29,naive,21,-20
29,naive,25,-26
29,naive,3,-1
29,naive,19,-13
29,naive,17,22
29,naive,23,13
29,naive,22,-13
29,naive,2,-39
29,naive,24,-26
29,naive,12,23
29,naive,13,33
29,naive,4,-34
29,naive,27,-30
29,naive,8,-27
30,naive,3,-50
30,naive,27,-34
30,naive,10,50
30,naive,12,50
30,naive,23,-27
30,naive,17,50
30,naive,4,-50
30,naive,22,-34
30,naive,25,34
30,naive,26,0
30,naive,24,0
30,naive,19,0
30,naive,5,-50
30,naive,16,50
30,naive,13,50
30,naive,18,42
30,naive,7,-50
30,naive,9,-50
30,naive,21,43
30,naive,14,50
30,naive,11,50
30,naive,1,-50
30,naive,20,0
30,naive,8,-49
30,naive,6,-50
30,naive,2,-50
30,naive,15,50
31,sophisticated,18,35
31,sophisticated,12,-38
31,sophisticated,8,26
31,sophisticated,14,47
31,sophisticated,6,-34
31,sophisticated,2,-38
31,sophisticated,20,26
31,sophisticated,27,3
31,sophisticated,1,-40
31,sophisticated,22,-29
31,sophisticated,15,35
31,sophisticated,7,-25
31,sophisticated,23,2
31,sophisticated,17,47
31,sophisticated,26,0
31,sophisticated,21,-9
31,sophisticated,5,-17
31,sophisticated,11,28
31,sophisticated,10,26
31,sophisticated,24,-12
31,sophisticated,25,-17
31,sophisticated,3,-47
31,sophisticated,9,-39
31,sophisticated,19,-16
31,sophisticated,16,40
31,sophisticated,4,-38
31,sophisticated,13,43
32,sophisticated,25,20
32,sophisticated,9,-28
32,sophisticated,7,-37
32,sophisticated,3,-37
32,sophisticated,6,-36
32,sophisticated,24,-18
32,sophisticated,11,35
32,sophisticated,10,34
32,sophisticated,23,-2
32,sophisticated,8,-40
32,sophisticated,13,39
32,sophisticated,21,0
32,sophisticated,15,40
32,sophisticated,5,-41
32,sophisticated,18,38
32,sophisticated,4,-40
32,sophisticated,2,-38
32,sophisticated,12,30
32,sophisticated,17,-1
32,sophisticated,16,-3
32,sophisticated,14,40
32,sophisticated,20,-1
32,sophisticated,26,0
32,sophisticated,22,-42
32,sophisticated,19,0
32,sophisticated,1,-43
32,sophisticated,27,-41
33,naive,14,49
33,naive,24,-35
33,naive,1,-49
33,naive,2,-49
33,naive,18,48
33,naive,7,-35
33,naive,6,-48
33,naive,4,-46
33,naive,5,-49
33,naive,23,-36
33,naive,9,-50
33,naive,21,33
33,naive,12,30
33,naive,16,-20
33,naive,15,44
33,naive,3,-50
33,naive,11,33
33,naive,20,0
33,naive,17,5
33,naive,10,9
33,naive,26,0
33,naive,8,-39
33,naive,27,-31
33,naive,22,-35
33,naive,19,0
33,naive,13,48
33,naive,25,32
34,sophisticated,27,-19
34,sophisticated,1,-47
34,sophisticated,24,6
34,sophisticated,19,1
34,sophisticated,20,-4
34,sophisticated,21,10
34,sophisticated,8,-27
34,sophisticated,2,13
34,sophisticated,3,0
34,sophisticated,18,-10
34,sophisticated,15,37
34,sophisticated,26,-13
34,sophisticated,12,-8
34,sophisticated,23,9
34,sophisticated,4,-11
34,sophisticated,10,15
34,sophisticated,9,-34
34,sophisticated,14,17
34,sophisticated,22,4
34,sophisticated,25,-34
34,sophisticated,6,-32
34,sophisticated,16,37
34,sophisticated,5,-27
34,sophisticated,13,20
34,sophisticated,11,-17
34,sophisticated,17,13
34,sophisticated,7,-15
35,sophisticated,17,48
35,sophisticated,10,8
35,sophisticated,5,-28
35,sophisticated,21,1
35,sophisticated,13,43
35,sophisticated,25,-6
35,sophisticated,27,-14
35,sophisticated,20,0
35,sophisticated,24,6
35,sophisticated,15,36
35,sophisticated,4,-37
35,sophisticated,1,-46
35,sophisticated,11,3
35,sophisticated,7,-8
35,sophisticated,19,1
35,sophisticated,8,-14
35,sophisticated,16,5
35,sophisticated,2,-44
35,sophisticated,3,-47
35,sophisticated,6,-21
35,sophisticated,9,-45
35,sophisticated,26,-1
35,sophisticated,14,43
35,sophisticated,12,7
35,sophisticated,18,12
35,sophisticated,23,-5
35,sophisticated,22,-5
36,naive,2,-42
36,naive,11,41
36,naive,23,-13
36,naive,6,-41
36,naive,7,-46
36,naive,21,1
36,naive,8,-44
36,naive,22,-37
36,naive,19,21
36,naive,14,49
36,naive,26,0
36,naive,9,-40
36,naive,4,-35
36,naive,3,-46
36,naive,13,36
36,naive,20,0
36,naive,24,-5
36,naive,16,15
36,naive,18,34
36,naive,10,12
36,naive,17,19
36,naive,27,-10
36,naive,12,36
36,naive,5,-39
36,naive,15,50
36,naive,25,40
36,naive,1,-50
37,naive,14,50
37,naive,18,50
37,naive,23,-48
37,naive,10,34
37,naive,7,-46
37,naive,4,-31
37,naive,15,33
37,naive,16,43
37,naive,9,-44
37,naive,26,0
37,naive,2,-45
37,naive,24,-41
37,naive,8,-39
37,naive,19,-12
37,naive,27,-14
37,naive,17,22
37,naive,13,46
37,naive,12,44
37,naive,25,38
37,naive,1,-48
37,naive,6,-49
37,naive,5,-49
37,naive,21,6
37,naive,3,-50
37,naive,11,48
37,naive,20,-5
37,naive,22,-25
38,sophisticated,8,-5
38,sophisticated,22,-3
38,sophisticated,7,-13
38,sophisticated,1,-27
38,sophisticated,6,-9
38,sophisticated,18,3
38,sophisticated,16,5
38,sophisticated,12,10
38,sophisticated,2,-10
38,sophisticated,9,-13
38,sophisticated,13,12
38,sophisticated,10,14
38,sophisticated,17,16
38,sophisticated,27,-6
38,sophisticated,11,7
38,sophisticated,19,-2
38,sophisticated,26,0
38,sophisticated,4,-5
38,sophisticated,3,-18
38,sophisticated,23,10
38,sophisticated,20,-1
38,sophisticated,24,-8
38,sophisticated,14,5
38,sophisticated,21,0
38,sophisticated,15,14
38,sophisticated,5,-4
38,sophisticated,25,-8
39,sophisticated,22,20
39,sophisticated,21,-25
39,sophisticated,12,-17
39,sophisticated,2,19
39,sophisticated,7,14
39,sophisticated,16,-22
39,sophisticated,24,21
39,sophisticated,10,-26
39,sophisticated,26,-1
39,sophisticated,23,-18
39,sophisticated,15,-22
39,sophisticated,5,14
39,sophisticated,4,21
39,sophisticated,20,0
39,sophisticated,3,1
39,sophisticated,9,18
39,sophisticated,18,-7
39,sophisticated,19,13
39,sophisticated,17,-29
39,sophisticated,27,0
39,sophisticated,1,0
39,sophisticated,6,-1
39,sophisticated,14,0
39,sophisticated,13,-21
39,sophisticated,8,0
39,sophisticated,25,0
39,sophisticated,11,12
40,naive,13,50
40,naive,2,-50
40,naive,8,-50
40,naive,22,-50
40,naive,26,0
40,naive,11,50
40,naive,12,50
40,naive,27,-50
40,naive,7,-50
40,naive,18,50
40,naive,9,-50
40,naive,24,-41
40,naive,16,-50
40,naive,19,36
40,naive,5,-50
40,naive,6,-50
40,naive,15,50
40,naive,4,-50
40,naive,20,12
40,naive,10,43
40,naive,23,-46
40,naive,1,-50
40,naive,17,44
40,naive,25,50
40,naive,3,-50
40,naive,14,50
40,naive,21,32
41,naive,24,-35
41,naive,8,-42
41,naive,11,38
41,naive,13,36
41,naive,7,-45
41,naive,1,-45
41,naive,4,-41
41,naive,14,43
41,naive,26,0
41,naive,6,-41
41,naive,16,45
41,naive,3,-45
41,naive,10,39
41,naive,9,-43
41,naive,12,42
41,naive,27,-43
41,naive,18,43
41,naive,2,-38
41,naive,19,-39
41,naive,23,-3
41,naive,20,36
41,naive,25,41
41,naive,22,-38
41,naive,5,-37
41,naive,17,43
41,naive,15,44
41,naive,21,-43
42,sophisticated,17,9
42,sophisticated,15,23
42,sophisticated,12,4
42,sophisticated,8,-8
42,sophisticated,23,9
42,sophisticated,13,27
42,sophisticated,25,-5
42,sophisticated,2,-26
42,sophisticated,16,-20
42,sophisticated,27,-32
42,sophisticated,24,-22
42,sophisticated,9,-31
42,sophisticated,26,0
42,sophisticated,21,15
42,sophisticated,10,19
42,sophisticated,14,33
42,sophisticated,22,1
42,sophisticated,18,7
42,sophisticated,1,-15
42,sophisticated,11,7
42,sophisticated,4,-14
42,sophisticated,19,-2
42,sophisticated,7,-22
42,sophisticated,20,13
42,sophisticated,6,-9
42,sophisticated,5,-13
42,sophisticated,3,-23
43,naive,21,15
43,naive,24,-44
43,naive,10,31
43,naive,5,-43
43,naive,17,50
43,naive,26,0
43,naive,22,-23
43,naive,12,16
43,naive,19,0
43,naive,1,-50
43,naive,23,20
43,naive,27,-28
43,naive,7,-49
43,naive,4,-50
43,naive,6,50
43,naive,9,-50
43,naive,13,50
43,naive,18,10
43,naive,16,-19
43,naive,15,-49
43,naive,8,-22
43,naive,2,-43
43,naive,11,37
43,naive,14,47
43,naive,3,-50
43,naive,25,14
43,naive,20,0
44,sophisticated,13,25
44,sophisticated,9,-38
44,sophisticated,27,-9
44,sophisticated,5,-34
44,sophisticated,6,-36
44,sophisticated,17,43
44,sophisticated,16,35
44,sophisticated,20,10
44,sophisticated,7,-38
44,sophisticated,18,26
44,sophisticated,22,9
44,sophisticated,10,34
44,sophisticated,1,-37
44,sophisticated,15,36
44,sophisticated,26,0
44,sophisticated,14,38
44,sophisticated,4,-38
44,sophisticated,25,-17
44,sophisticated,2,-39
44,sophisticated,12,15
44,sophisticated,3,-44
44,sophisticated,8,-13
44,sophisticated,19,-11
44,sophisticated,23,9
44,sophisticated,24,-10
44,sophisticated,21,-10
44,sophisticated,11,36
45,naive,26,-41
45,naive,4,-44
45,naive,20,25
45,naive,7,-38
45,naive,17,49
45,naive,3,-50
45,naive,18,-5
45,naive,12,38
45,naive,6,-43
45,naive,21,1
45,naive,5,-34
45,naive,13,38
45,naive,9,-44
45,naive,23,-16
45,naive,14,47
45,naive,10,47
45,naive,11,44
45,naive,2,-34
45,naive,16,3
45,naive,25,-12
45,naive,15,40
45,naive,24,-33
45,naive,22,-1
45,naive,8,-36
45,naive,19,-39
45,naive,27,-39
45,naive,1,-41
46,naive,5,-49
46,naive,19,0
46,naive,10,48
46,naive,24,-26
46,naive,11,48
46,naive,22,-27
46,naive,25,32
46,naive,13,28
46,naive,27,-26
46,naive,17,47
46,naive,4,-27
46,naive,23,-21
46,naive,6,-48
46,naive,3,-49
46,naive,9,-46
46,naive,18,28
46,naive,15,47
46,naive,1,-48
46,naive,26,1
46,naive,20,1
46,naive,7,-20
46,naive,14,47
46,naive,8,-46
46,naive,21,1
46,naive,12,22
46,naive,16,26
46,naive,2,-48
47,sophisticated,27,-50
47,sophisticated,19,-50
47,sophisticated,22,18
47,sophisticated,12,37
47,sophisticated,13,50
47,sophisticated,16,50
47,sophisticated,24,-13
47,sophisticated,23,8
47,sophisticated,21,-28
47,sophisticated,1,-50
47,sophisticated,7,-50
47,sophisticated,9,-37
47,sophisticated,17,37
47,sophisticated,3,-50
47,sophisticated,5,-30
47,sophisticated,4,-35
47,sophisticated,8,-2
47,sophisticated,11,12
47,sophisticated,6,-31
47,sophisticated,14,50
47,sophisticated,15,50
47,sophisticated,26,19
47,sophisticated,10,21
47,sophisticated,2,-25
47,sophisticated,18,-28
47,sophisticated,25,-18
47,sophisticated,20,22
48,naive,21,50
48,naive,11,50
48,naive,3,-50
48,naive,1,-50
48,naive,6,-50
48,naive,26,0
48,naive,8,-50
48,naive,14,50
48,naive,27,-50
48,naive,5,-50
48,naive,17,50
48,naive,23,-28
48,naive,25,14
48,naive,20,0
48,naive,12,50
48,naive,13,48
48,naive,4,-50
48,naive,22,-41
48,naive,15,50
48,naive,9,-50
48,naive,7,-50
48,naive,2,-50
48,naive,24,-19
48,naive,19,8
48,naive,16,50
48,naive,18,33
48,naive,10,50
49,sophisticated,6,-46
49,sophisticated,23,-18
49,sophisticated,15,48
49,sophisticated,1,-47
49,sophisticated,20,1
49,sophisticated,24,-25
49,sophisticated,2,-43
49,sophisticated,25,16
49,sophisticated,3,-47
49,sophisticated,7,-32
49,sophisticated,18,30
49,sophisticated,13,34
49,sophisticated,12,32
49,sophisticated,16,-18
49,sophisticated,27,-16
49,sophisticated,5,-48
49,sophisticated,14,49
49,sophisticated,9,-46
49,sophisticated,4,-48
49,sophisticated,11,31
49,sophisticated,22,-20
49,sophisticated,8,-42
49,sophisticated,10,13
49,sophisticated,26,1
49,sophisticated,21,11
49,sophisticated,17,11
49,sophisticated,19,-3
50,sophisticated,25,33
50,sophisticated,5,-26
50,sophisticated,15,48
50,sophisticated,23,36
50,sophisticated,26,-38
50,sophisticated,3,-49
50,sophisticated,19,1
50,sophisticated,12,36
50,sophisticated,7,-48
50,sophisticated,14,49
50,sophisticated,1,-48
50,sophisticated,16,46
50,sophisticated,22,21
50,sophisticated,24,-14
50,sophisticated,2,-48
50,sophisticated,20,0
50,sophisticated,8,-36
50,sophisticated,27,-15
50,sophisticated,4,-36
50,sophisticated,9,-37
50,sophisticated,10,48
50,sophisticated,21,-12
50,sophisticated,18,1
50,sophisticated,6,-46
50,sophisticated,17,49
50,sophisticated,13,49
50,sophisticated,11,40
51,naive,20,39
51,naive,19,-1
51,naive,13,-23
51,naive,21,-30
51,naive,9,-42
51,naive,23,-27
51,naive,7,-46
51,naive,5,-38
51,naive,4,-41
51,naive,11,4
51,naive,1,-37
51,naive,26,-1
51,naive,14,35
51,naive,15,36
51,naive,17,30
51,naive,18,33
51,naive,10,23
51,naive,8,-27
51,naive,3,-43
51,naive,22,-41
51,naive,27,-25
51,naive,6,-37
51,naive,25,26
51,naive,16,-25
51,naive,12,28
51,naive,2,-40
51,naive,24,-22
52,sophisticated,9,-44
52,sophisticated,27,6
52,sophisticated,21,0
52,sophisticated,17,25
52,sophisticated,2,-39
52,sophisticated,11,23
52,sophisticated,8,7
52,sophisticated,16,-15
52,sophisticated,15,16
52,sophisticated,4,-34
52,sophisticated,20,3
52,sophisticated,6,-24
52,sophisticated,23,0
52,sophisticated,12,6
52,sophisticated,14,48
52,sophisticated,25,6
52,sophisticated,5,-35
52,sophisticated,19,0
52,sophisticated,24,-17
52,sophisticated,3,-49
52,sophisticated,18,23
52,sophisticated,7,-20
52,sophisticated,10,47
52,sophisticated,1,-49
52,sophisticated,22,-16
52,sophisticated,26,0
52,sophisticated,13,47
53,sophisticated,7,-50
53,sophisticated,24,-16
53,sophisticated,1,-50
53,sophisticated,25,-4
53,sophisticated,8,-36
53,sophisticated,22,0
53,sophisticated,15,50
53,sophisticated,3,-50
53,sophisticated,26,0
53,sophisticated,4,-31
53,sophisticated,12,23
53,sophisticated,11,50
53,sophisticated,20,14
53,sophisticated,6,-50
53,sophisticated,10,50
53,sophisticated,9,-50
53,sophisticated,13,50
53,sophisticated,14,50
53,sophisticated,18,50
53,sophisticated,5,-50
53,sophisticated,19,0
53,sophisticated,27,-35
53,sophisticated,2,-50
53,sophisticated,16,25
53,sophisticated,21,34
53,sophisticated,23,-31
53,sophisticated,17,50
54,naive,2,-48
54,naive,9,-50
54,naive,24,0
54,naive,19,-45
54,naive,22,-2
54,naive,26,1
54,naive,6,-1
54,naive,10,-49
54,naive,18,49
54,naive,15,49
54,naive,4,-48
54,naive,12,49
54,naive,27,-1
54,naive,21,0
54,naive,25,-47
54,naive,20,0
54,naive,5,-50
54,naive,7,-48
54,naive,13,48
54,naive,11,50
54,naive,14,49
54,naive,1,-49
54,naive,8,-47
54,naive,17,48
54,naive,16,47
54,naive,3,-50
54,naive,23,-2
55,sophisticated,4,-33
55,sophisticated,12,14
55,sophisticated,11,28
55,sophisticated,8,-14
55,sophisticated,2,-29
55,sophisticated,14,39
55,sophisticated,16,-22
55,sophisticated,10,11
55,sophisticated,15,41
55,sophisticated,9,-34
55,sophisticated,13,36
55,sophisticated,19,-31
55,sophisticated,7,-39
55,sophisticated,22,-32
55,sophisticated,25,-6
55,sophisticated,17,35
55,sophisticated,20,20
55,sophisticated,3,-44
55,sophisticated,21,31
55,sophisticated,6,-29
55,sophisticated,23,32
55,sophisticated,26,0
55,sophisticated,5,-30
55,sophisticated,24,-5
55,sophisticated,1,-31
55,sophisticated,18,19
55,sophisticated,27,-29
56,naive,20,44
56,naive,16,49
56,naive,6,-46
56,naive,2,-48
56,naive,3,-50
56,naive,11,46
56,naive,19,-34
56,naive,15,49
56,naive,4,-48
56,naive,10,49
56,naive,27,-48
56,naive,7,-48
56,naive,24,-29
56,naive,1,-48
56,naive,23,44
56,naive,21,-47
56,naive,13,41
56,naive,22,42
56,naive,18,-46
56,naive,9,-50
56,naive,17,48
56,naive,8,-48
56,naive,5,-44
56,naive,14,49
56,naive,12,50
56,naive,26,-48
56,naive,25,-49
57,sophisticated,20,-50
57,sophisticated,21,-50
57,sophisticated,23,50
57,sophisticated,3,-50
57,sophisticated,5,-50
57,sophisticated,13,50
57,sophisticated,10,50
57,sophisticated,27,-50
57,sophisticated,16,50
57,sophisticated,17,50
57,sophisticated,2,-50
57,sophisticated,1,-50
57,sophisticated,11,50
57,sophisticated,8,-50
57,sophisticated,9,-50
57,sophisticated,4,-50
57,sophisticated,18,-50
57,sophisticated,19,-50
57,sophisticated,12,50
57,sophisticated,15,50
57,sophisticated,24,-50
57,sophisticated,7,-50
57,sophisticated,14,50
57,sophisticated,25,-50
57,sophisticated,22,50
57,sophisticated,26,-50
57,sophisticated,6,-50
58,naive,6,-46
58,naive,21,-45
58,naive,11,48
58,naive,26,0
58,naive,13,48
58,naive,16,44
58,naive,18,13
58,naive,4,-45
58,naive,8,-46
58,naive,22,-18
58,naive,17,35
58,naive,25,-42
58,naive,14,50
58,naive,3,-49
58,naive,7,-11
58,naive,1,-44
58,naive,2,-50
58,naive,20,-1
58,naive,19,0
58,naive,23,-6
58,naive,5,-50
58,naive,12,4
58,naive,15,5
58,naive,24,-12
58,naive,27,-15
58,naive,10,49
58,naive,9,-50
59,sophisticated,12,9
59,sophisticated,25,9
59,sophisticated,8,-9
59,sophisticated,5,-19
59,sophisticated,7,-20
59,sophisticated,3,-22
59,sophisticated,23,-3
59,sophisticated,18,15
59,sophisticated,20,14
59,sophisticated,10,20
59,sophisticated,4,-11
59,sophisticated,21,2
59,sophisticated,14,24
59,sophisticated,24,-19
59,sophisticated,2,-32
59,sophisticated,17,34
59,sophisticated,11,11
59,sophisticated,19,-2
59,sophisticated,15,22
59,sophisticated,6,-18
59,sophisticated,27,-12
59,sophisticated,22,6
59,sophisticated,9,-30
59,sophisticated,16,19
59,sophisticated,1,-23
59,sophisticated,13,32
59,sophisticated,26,1
60,sophisticated,13,39
60,sophisticated,18,38
60,sophisticated,21,1
60,sophisticated,20,7
60,sophisticated,7,-44
60,sophisticated,14,45
60,sophisticated,12,7
60,sophisticated,23,-10
60,sophisticated,16,29
60,sophisticated,24,-13
60,sophisticated,22,-14
60,sophisticated,9,-42
60,sophisticated,5,-36
60,sophisticated,8,-34
60,sophisticated,15,39
60,sophisticated,19,0
60,sophisticated,4,-39
60,sophisticated,17,43
60,sophisticated,2,-41
60,sophisticated,10,37
60,sophisticated,27,-20
60,sophisticated,3,-45
60,sophisticated,26,0
60,sophisticated,11,43
60,sophisticated,25,-12
60,sophisticated,1,-43
60,sophisticated,6,-34
61,sophisticated,19,-4
61,sophisticated,2,-41
61,sophisticated,20,1
61,sophisticated,24,-27
61,sophisticated,10,41
61,sophisticated,16,12
61,sophisticated,25,-3
61,sophisticated,11,37
61,sophisticated,6,29
61,sophisticated,4,-34
61,sophisticated,27,-19
61,sophisticated,18,-24
61,sophisticated,17,2
61,sophisticated,3,-43
61,sophisticated,13,40
61,sophisticated,21,1
61,sophisticated,15,48
61,sophisticated,7,-35
61,sophisticated,5,39
61,sophisticated,8,-39
61,sophisticated,9,-50
61,sophisticated,14,50
61,sophisticated,26,-1
61,sophisticated,12,1
61,sophisticated,23,-3
61,sophisticated,1,-47
61,sophisticated,22,-4
62,naive,23,29
62,naive,4,-43
62,naive,24,-21
62,naive,22,20
62,naive,2,-46
62,naive,27,-29
62,naive,10,37
62,naive,16,47
62,naive,8,-44
62,naive,7,-46
62,naive,12,31
62,naive,5,-38
62,naive,3,-45
62,naive,20,42
62,naive,18,-28
62,naive,6,-43
62,naive,11,45
62,naive,15,48
62,naive,14,44
62,naive,26,0
62,naive,1,-45
62,naive,13,39
62,naive,9,-46
62,naive,21,0
62,naive,19,-5
62,naive,17,47
62,naive,25,-45
63,sophisticated,23,-5
63,sophisticated,3,-28
63,sophisticated,9,-45
63,sophisticated,4,-36
63,sophisticated,20,9
63,sophisticated,11,13
63,sophisticated,27,-17
63,sophisticated,2,-32
63,sophisticated,6,-33
63,sophisticated,7,-32
63,sophisticated,13,21
63,sophisticated,1,-37
63,sophisticated,26,0
63,sophisticated,12,27
63,sophisticated,14,28
63,sophisticated,16,-36
63,sophisticated,18,30
63,sophisticated,22,-28
63,sophisticated,21,11
63,sophisticated,5,-32
63,sophisticated,24,-29
63,sophisticated,25,23
63,sophisticated,8,-29
63,sophisticated,10,8
63,sophisticated,17,27
63,sophisticated,15,33
63,sophisticated,19,4
64,sophisticated,19,22
64,sophisticated,10,31
64,sophisticated,8,0
64,sophisticated,16,1
64,sophisticated,4,-14
64,sophisticated,13,28
64,sophisticated,22,0
64,sophisticated,9,-19
64,sophisticated,12,0
64,sophisticated,24,1
64,sophisticated,18,-17
64,sophisticated,17,30
64,sophisticated,26,0
64,sophisticated,3,-24
64,sophisticated,25,-8
64,sophisticated,6,-12
64,sophisticated,1,0
64,sophisticated,5,1
64,sophisticated,15,-1
64,sophisticated,20,21
64,sophisticated,7,-17
64,sophisticated,23,0
64,sophisticated,21,-21
64,sophisticated,14,27
64,sophisticated,27,0
64,sophisticated,11,16
64,sophisticated,2,-21
65,sophisticated,1,-13
65,sophisticated,7,-13
65,sophisticated,10,12
65,sophisticated,6,-13
65,sophisticated,20,0
65,sophisticated,23,0
65,sophisticated,9,-12
65,sophisticated,18,6
65,sophisticated,3,-14
65,sophisticated,11,10
65,sophisticated,26,0
65,sophisticated,22,-6
65,sophisticated,14,17
65,sophisticated,19,0
65,sophisticated,5,-13
65,sophisticated,8,-13
65,sophisticated,21,8
65,sophisticated,2,-12
65,sophisticated,27,-7
65,sophisticated,16,10
65,sophisticated,17,9
65,sophisticated,13,13
65,sophisticated,12,2
65,sophisticated,15,11
65,sophisticated,4,-12
65,sophisticated,25,11
65,sophisticated,24,-9
66,sophisticated,24,-23
66,sophisticated,21,0
66,sophisticated,2,-49
66,sophisticated,3,0
66,sophisticated,15,4
66,sophisticated,11,-49
66,sophisticated,9,-26
66,sophisticated,8,10
66,sophisticated,1,-32
66,sophisticated,16,0
66,sophisticated,13,48
66,sophisticated,22,0
66,sophisticated,17,46
66,sophisticated,20,0
66,sophisticated,19,-38
66,sophisticated,26,-48
66,sophisticated,14,49
66,sophisticated,4,-1
66,sophisticated,5,0
66,sophisticated,7,-47
66,sophisticated,23,16
66,sophisticated,27,10
66,sophisticated,18,-30
66,sophisticated,10,17
66,sophisticated,25,48
66,sophisticated,6,-2
66,sophisticated,12,13
67,naive,6,10
67,naive,4,-27
67,naive,7,-18
67,naive,1,-32
67,naive,25,-16
67,naive,22,40
67,naive,9,28
67,naive,5,27
67,naive,18,-17
67,naive,10,29
67,naive,21,-16
67,naive,26,31
67,naive,20,23
67,naive,27,-18
67,naive,17,42
67,naive,16,36
67,naive,23,2
67,naive,24,0
67,naive,12,-23
67,naive,19,24
67,naive,13,20
67,naive,3,-43
67,naive,15,38
67,naive,8,-3
67,naive,2,-40
67,naive,11,37
67,naive,14,44
68,naive,6,-48
68,naive,4,-49
68,naive,21,18
68,naive,20,10
68,naive,10,40
68,naive,2,-48
68,naive,17,50
68,naive,23,-23
68,naive,27,-27
68,naive,14,44
68,naive,25,25
68,naive,24,0
68,naive,26,0
68,naive,7,-44
68,naive,1,-45
68,naive,18,25
68,naive,8,-36
68,naive,15,49
68,naive,16,-24
68,naive,22,0
68,naive,12,36
68,naive,9,-47
68,naive,19,0
68,naive,13,49
68,naive,11,24
68,naive,3,-49
68,naive,5,-43
69,naive,9,-48
69,naive,14,49
69,naive,19,-48
69,naive,23,-48
69,naive,4,-49
69,naive,11,48
69,naive,8,-49
69,naive,5,-48
69,naive,7,-48
69,naive,25,16
69,naive,2,-49
69,naive,15,47
69,naive,16,-15
69,naive,26,1
69,naive,22,-37
69,naive,12,25
69,naive,6,-45
69,naive,21,48
69,naive,24,36
69,naive,13,43
69,naive,3,-43
69,naive,20,3
69,naive,17,46
69,naive,27,-23
69,naive,1,-48
69,naive,10,46
69,naive,18,48
70,sophisticated,10,24
70,sophisticated,14,-20
70,sophisticated,20,-27
70,sophisticated,5,-22
70,sophisticated,26,1
70,sophisticated,6,-25
70,sophisticated,27,30
70,sophisticated,21,-31
70,sophisticated,22,25
70,sophisticated,24,-22
70,sophisticated,16,-18
70,sophisticated,19,0
70,sophisticated,1,-26
70,sophisticated,8,30
70,sophisticated,4,41
70,sophisticated,15,18
70,sophisticated,17,36
70,sophisticated,11,-42
70,sophisticated,9,-34
70,sophisticated,25,38
70,sophisticated,2,-33
70,sophisticated,7,-31
70,sophisticated,13,7
70,sophisticated,12,2
70,sophisticated,23,33
70,sophisticated,18,8
70,sophisticated,3,-35
71,naive,6,-50
71,naive,10,50
71,naive,24,-35
71,naive,22,-38
71,naive,4,-47
71,naive,14,49
71,naive,2,-49
71,naive,27,-25
71,naive,3,-49
71,naive,20,1
71,naive,1,-49
71,naive,17,45
71,naive,25,3
71,naive,13,49
71,naive,21,44
71,naive,11,41
71,naive,23,-44
71,naive,9,-49
71,naive,26,0
71,naive,12,45
71,naive,19,40
71,naive,15,50
71,naive,18,50
71,naive,5,-50
71,naive,8,-50
71,naive,16,-49
71,naive,7,-50
72,sophisticated,8,-33
72,sophisticated,21,0
72,sophisticated,27,-19
72,sophisticated,25,-5
72,sophisticated,13,34
72,sophisticated,12,0
72,sophisticated,20,5
72,sophisticated,3,-47
72,sophisticated,24,-7
72,sophisticated,23,0
72,sophisticated,6,-34
72,sophisticated,2,-45
72,sophisticated,16,-14
72,sophisticated,9,-39
72,sophisticated,26,0
72,sophisticated,19,-4
72,sophisticated,22,-17
72,sophisticated,7,0
72,sophisticated,15,34
72,sophisticated,14,45
72,sophisticated,17,7
72,sophisticated,1,-47
72,sophisticated,4,-29
72,sophisticated,5,-41
72,sophisticated,18,27
72,sophisticated,10,30
72,sophisticated,11,35
73,naive,6,-36
73,naive,7,-48
73,naive,25,-50
73,naive,26,0
73,naive,22,-6
73,naive,15,49
73,naive,14,50
73,naive,21,42
73,naive,3,-48
73,naive,9,-49
73,naive,16,42
73,naive,2,-48
73,naive,18,45
73,naive,4,-47
73,naive,12,50
73,naive,13,49
73,naive,10,38
73,naive,11,44
73,naive,1,-49
73,naive,20,6
73,naive,23,-3
73,naive,5,-46
73,naive,19,0
73,naive,24,-37
73,naive,8,-42
73,naive,17,48
73,naive,27,-49
74,sophisticated,9,-50
74,sophisticated,1,-50
74,sophisticated,14,50
74,sophisticated,26,0
74,sophisticated,11,50
74,sophisticated,13,50
74,sophisticated,24,-50
74,sophisticated,7,-47
74,sophisticated,2,-50
74,sophisticated,8,-50
74,sophisticated,10,50
74,sophisticated,18,7
74,sophisticated,27,-16
74,sophisticated,5,-50
74,sophisticated,23,-38
74,sophisticated,22,-9
74,sophisticated,21,0
74,sophisticated,4,-50
74,sophisticated,16,50
74,sophisticated,12,50
74,sophisticated,17,50
74,sophisticated,20,0
74,sophisticated,3,-50
74,sophisticated,6,-50
74,sophisticated,19,-50
74,sophisticated,25,-30
74,sophisticated,15,50
75,naive,15,50
75,naive,12,50
75,naive,26,-36
75,naive,10,43
75,naive,7,-42
75,naive,24,-33
75,naive,21,-43
75,naive,6,40
75,naive,8,-40
75,naive,22,37
75,naive,13,39
75,naive,9,-36
75,naive,2,-43
75,naive,3,-43
75,naive,5,-39
75,naive,25,-38
75,naive,18,-36
75,naive,14,35
75,naive,1,-38
75,naive,27,-38
75,naive,23,40
75,naive,16,33
75,naive,17,35
75,naive,11,38
75,naive,4,-40
75,naive,20,37
75,naive,19,-41
76,naive,23,-6
76,naive,6,-50
76,naive,5,-50
76,naive,14,50
76,naive,22,0
76,naive,27,-15
76,naive,4,-50
76,naive,8,-50
76,naive,3,-50
76,naive,16,50
76,naive,10,50
76,naive,20,0
76,naive,7,0
76,naive,21,0
76,naive,18,22
76,naive,13,50
76,naive,1,-50
76,naive,25,0
76,naive,19,1
76,naive,17,24
76,naive,26,0
76,naive,24,-11
76,naive,12,4
76,naive,2,-48
76,naive,11,50
76,naive,15,50
76,naive,9,-49
77,sophisticated,21,13
77,sophisticated,16,50
77,sophisticated,26,-1
77,sophisticated,27,-50
77,sophisticated,22,-50
77,sophisticated,18,23
77,sophisticated,20,0
77,sophisticated,24,-50
77,sophisticated,14,50
77,sophisticated,6,-50
77,sophisticated,10,50
77,sophisticated,5,-50
77,sophisticated,4,-50
77,sophisticated,11,50
77,sophisticated,12,41
77,sophisticated,13,50
77,sophisticated,23,0
77,sophisticated,7,-50
77,sophisticated,19,0
77,sophisticated,15,50
77,sophisticated,9,-50
77,sophisticated,1,-48
77,sophisticated,2,-50
77,sophisticated,17,49
77,sophisticated,3,-49
77,sophisticated,8,-49
77,sophisticated,25,-49
78,sophisticated,19,-31
78,sophisticated,2,-50
78,sophisticated,1,-50
78,sophisticated,21,1
78,sophisticated,7,-37
78,sophisticated,9,-47
78,sophisticated,10,50
78,sophisticated,25,1
78,sophisticated,8,-23
78,sophisticated,6,-28
78,sophisticated,22,-27
78,sophisticated,4,-31
78,sophisticated,17,36
78,sophisticated,26,0
78,sophisticated,5,-20
78,sophisticated,15,39
78,sophisticated,24,-29
78,sophisticated,16,25
78,sophisticated,11,16
78,sophisticated,20,0
78,sophisticated,3,-42
78,sophisticated,18,38
78,sophisticated,14,43
78,sophisticated,23,-21
78,sophisticated,27,-23
78,sophisticated,13,43
78,sophisticated,12,24
79,naive,26,0
79,naive,19,-21
79,naive,17,41
79,naive,8,-34
79,naive,14,43
79,naive,11,36
79,naive,16,37
79,naive,1,-33
79,naive,21,-35
79,naive,27,-14
79,naive,12,12
79,naive,18,11
79,naive,20,0
79,naive,9,-34
79,naive,22,-15
79,naive,24,-8
79,naive,7,-43
79,naive,2,-36
79,naive,23,-18
79,naive,6,-29
79,naive,10,42
79,naive,3,-42
79,naive,15,40
79,naive,13,42
79,naive,4,-37
79,naive,5,-38
79,naive,25,26
80,naive,5,-50
80,naive,20,50
80,naive,11,50
80,naive,7,-50
80,naive,1,-50
80,naive,25,-50
80,naive,27,0
80,naive,15,50
80,naive,26,0
80,naive,14,50
80,naive,18,-6
80,naive,17,50
80,naive,19,0
80,naive,23,0
80,naive,13,30
80,naive,16,40
80,naive,21,0
80,naive,24,0
80,naive,8,0
80,naive,4,-22
80,naive,6,-31
80,naive,2,-50
80,naive,9,-50
80,naive,10,50
80,naive,12,6
80,naive,3,-50
80,naive,22,0
81,naive,3,-50
81,naive,5,-48
81,naive,10,50
81,naive,21,15
81,naive,8,-27
81,naive,18,29
81,naive,19,-21
81,naive,26,-23
81,naive,17,50
81,naive,4,-40
81,naive,13,50
81,naive,14,47
81,naive,7,-49
81,naive,25,-38
81,naive,12,32
81,naive,9,-38
81,naive,24,4
81,naive,11,42
81,naive,22,-15
81,naive,27,-23
81,naive,6,-40
81,naive,2,-40
81,naive,1,-43
81,naive,15,40
81,naive,16,43
81,naive,20,31
81,naive,23,-39
82,naive,8,-45
82,naive,22,-23
82,naive,16,16
82,naive,24,-28
82,naive,13,50
82,naive,27,-21
82,naive,4,-49
82,naive,26,0
82,naive,6,-49
82,naive,2,-50
82,naive,5,-50
82,naive,15,40
82,naive,7,-49
82,naive,21,0
82,naive,14,48
82,naive,23,0
82,naive,3,-49
82,naive,19,0
82,naive,12,32
82,naive,17,38
82,naive,10,49
82,naive,9,-49
82,naive,18,14
82,naive,20,-1
82,naive,11,49
82,naive,25,-28
82,naive,1,-49
83,sophisticated,5,-49
83,sophisticated,16,49
83,sophisticated,3,-49
83,sophisticated,14,49
83,sophisticated,4,-48
83,sophisticated,12,49
83,sophisticated,25,34
83,sophisticated,21,-21
83,sophisticated,17,36
83,sophisticated,22,-38
83,sophisticated,15,49
83,sophisticated,20,-2
83,sophisticated,10,22
83,sophisticated,11,30
83,sophisticated,18,-22
83,sophisticated,13,46
83,sophisticated,23,0
83,sophisticated,27,-48
83,sophisticated,2,-48
83,sophisticated,1,-48
83,sophisticated,7,-48
83,sophisticated,24,-35
83,sophisticated,6,-45
83,sophisticated,8,-47
83,sophisticated,9,-50
83,sophisticated,19,-3
83,sophisticated,26,-2
84,naive,3,-49
84,naive,2,-50
84,naive,7,-45
84,naive,18,45
84,naive,20,31
84,naive,11,41
84,naive,9,-43
84,naive,22,-42
84,naive,27,-47
84,naive,21,29
84,naive,19,15
84,naive,13,50
84,naive,12,45
84,naive,1,-50
84,naive,14,50
84,naive,24,-34
84,naive,6,-50
84,naive,17,50
84,naive,25,39
84,naive,16,48
84,naive,5,-50
84,naive,8,-50
84,naive,23,-50
84,naive,26,0
84,naive,15,50
84,naive,4,-50
84,naive,10,50
85,naive,16,-34
85,naive,7,-43
85,naive,14,50
85,naive,25,23
85,naive,5,-50
85,naive,12,50
85,naive,15,50
85,naive,8,-50
85,naive,6,-50
85,naive,23,-45
85,naive,2,-50
85,naive,3,-50
85,naive,20,0
85,naive,27,-46
85,naive,19,8
85,naive,11,32
85,naive,21,26
85,naive,1,-50
85,naive,9,-50
85,naive,22,-50
85,naive,10,20
85,naive,17,10
85,naive,4,-39
85,naive,26,0
85,naive,13,50
85,naive,18,50
85,naive,24,-37
86,naive,15,50
86,naive,12,49
86,naive,13,49
86,naive,2,-49
86,naive,18,-48
86,naive,5,-49
86,naive,24,-41
86,naive,16,49
86,naive,1,-49
86,naive,17,47
86,naive,11,49
86,naive,21,0
86,naive,9,-49
86,naive,19,-50
86,naive,20,0
86,naive,27,-48
86,naive,6,-50
86,naive,3,-50
86,naive,14,49
86,naive,25,-49
86,naive,10,48
86,naive,22,0
86,naive,23,1
86,naive,7,-49
86,naive,26,0
86,naive,4,-49
86,naive,8,-49
87,naive,7,-50
87,naive,27,-34
87,naive,15,50
87,naive,14,46
87,naive,17,34
87,naive,26,0
87,naive,25,22
87,naive,18,31
87,naive,5,-36
87,naive,4,-37
87,naive,10,11
87,naive,23,-37
87,naive,12,26
87,naive,13,27
87,naive,11,13
87,naive,8,-35
87,naive,1,-48
87,naive,22,-35
87,naive,16,-17
87,naive,3,-50
87,naive,24,-27
87,naive,19,10
87,naive,20,-8
87,naive,21,0
87,naive,9,-44
87,naive,6,-14
87,naive,2,-46
88,sophisticated,20,28
88,sophisticated,27,-35
88,sophisticated,13,37
88,sophisticated,22,-34
88,sophisticated,6,-50
88,sophisticated,24,-21
88,sophisticated,2,-31
88,sophisticated,26,0
88,sophisticated,23,-29
88,sophisticated,9,-30
88,sophisticated,14,50
88,sophisticated,5,-38
88,sophisticated,4,-50
88,sophisticated,21,28
88,sophisticated,19,0
88,sophisticated,18,50
88,sophisticated,15,50
88,sophisticated,16,7
88,sophisticated,25,23
88,sophisticated,8,-47
88,sophisticated,17,50
88,sophisticated,12,44
88,sophisticated,3,-50
88,sophisticated,1,-50
88,sophisticated,7,-50
88,sophisticated,10,50
88,sophisticated,11,50
89,naive,26,0
89,naive,18,33
89,naive,19,-7
89,naive,3,-50
89,naive,16,37
89,naive,15,44
89,naive,17,49
89,naive,11,49
89,naive,2,-44
89,naive,24,-37
89,naive,6,-48
89,naive,27,-47
89,naive,5,-47
89,naive,21,5
89,naive,14,-49
89,naive,12,44
89,naive,25,-45
89,naive,22,-3
89,naive,13,44
89,naive,1,-48
89,naive,8,-50
89,naive,9,-49
89,naive,10,49
89,naive,20,0
89,naive,23,-9
89,naive,7,-36
89,naive,4,-50
90,sophisticated,4,-22
90,sophisticated,3,-41
90,sophisticated,23,4
90,sophisticated,12,5
90,sophisticated,25,26
90,sophisticated,18,-22
90,sophisticated,2,-46
90,sophisticated,10,16
90,sophisticated,11,30
90,sophisticated,26,0
90,sophisticated,6,-34
90,sophisticated,7,-5
90,sophisticated,27,-1
90,sophisticated,13,30
90,sophisticated,21,7
90,sophisticated,24,0
90,sophisticated,9,-35
90,sophisticated,14,48
90,sophisticated,22,5
90,sophisticated,15,38
90,sophisticated,19,-7
90,sophisticated,17,44
90,sophisticated,5,-23
90,sophisticated,8,-16
90,sophisticated,1,-12
90,sophisticated,16,21
90,sophisticated,20,2
91,naive,19,0
91,naive,1,-49
91,naive,18,49
91,naive,5,-49
91,naive,20,15
91,naive,3,-48
91,naive,12,48
91,naive,14,48
91,naive,23,13
91,naive,9,-50
91,naive,11,49
91,naive,4,-49
91,naive,10,49
91,naive,26,0
91,naive,7,-49
91,naive,21,49
91,naive,16,-49
91,naive,22,-48
91,naive,6,-49
91,naive,24,-43
91,naive,17,49
91,naive,15,48
91,naive,2,-49
91,naive,13,49
91,naive,25,38
91,naive,8,-50
91,naive,27,-23
92,naive,21,-48
92,naive,14,48
92,naive,27,-49
92,naive,8,-48
92,naive,22,47
92,naive,9,-46
92,naive,10,49
92,naive,7,-49
92,naive,2,-48
92,naive,17,48
92,naive,15,47
92,naive,6,-48
92,naive,19,-49
92,naive,12,49
92,naive,20,45
92,naive,24,-49
92,naive,5,-48
92,naive,1,-49
92,naive,18,-48
92,naive,23,47
92,naive,16,48
92,naive,11,49
92,naive,25,-49
92,naive,26,0
92,naive,3,-48
92,naive,13,48
92,naive,4,-49
93,sophisticated,17,17
93,sophisticated,27,0
93,sophisticated,22,-1
93,sophisticated,12,1
93,sophisticated,20,0
93,sophisticated,8,-9
93,sophisticated,13,6
93,sophisticated,15,-9
93,sophisticated,5,11
93,sophisticated,6,0
93,sophisticated,7,0
93,sophisticated,4,-5
93,sophisticated,3,-16
93,sophisticated,24,-1
93,sophisticated,16,2
93,sophisticated,11,7
93,sophisticated,25,0
93,sophisticated,21,0
93,sophisticated,14,-15
93,sophisticated,9,-10
93,sophisticated,1,-19
93,sophisticated,26,0
93,sophisticated,10,0
93,sophisticated,19,0
93,sophisticated,2,-10
93,sophisticated,23,6
93,sophisticated,18,0
94,naive,9,-50
94,naive,25,48
94,naive,18,49
94,naive,8,-48
94,naive,7,-50
94,naive,4,-49
94,naive,15,50
94,naive,1,-49
94,naive,5,-49
94,naive,13,48
94,naive,26,0
94,naive,22,28
94,naive,16,50
94,naive,10,49
94,naive,3,-50
94,naive,27,-35
94,naive,2,-50
94,naive,11,49
94,naive,21,-23
94,naive,14,48
94,naive,12,49
94,naive,24,0
94,naive,20,-1
94,naive,19,0
94,naive,6,-50
94,naive,17,50
94,naive,23,25
95,sophisticated,10,-16
95,sophisticated,2,-41
95,sophisticated,14,20
95,sophisticated,8,26
95,sophisticated,22,-43
95,sophisticated,5,17
95,sophisticated,16,1
95,sophisticated,1,-5
95,sophisticated,17,4
95,sophisticated,11,-12
95,sophisticated,27,-34
95,sophisticated,4,-33
95,sophisticated,12,-37
95,sophisticated,7,-48
95,sophisticated,3,-7
95,sophisticated,6,2
95,sophisticated,19,-13
95,sophisticated,26,-13
95,sophisticated,21,0
95,sophisticated,23,0
95,sophisticated,9,-14
95,sophisticated,20,-24
95,sophisticated,15,30
95,sophisticated,18,-20
95,sophisticated,25,-12
95,sophisticated,24,0
95,sophisticated,13,1
96,sophisticated,3,-50
96,sophisticated,10,-1
96,sophisticated,16,-23
96,sophisticated,2,-36
96,sophisticated,5,-41
96,sophisticated,26,-1
96,sophisticated,11,-22
96,sophisticated,12,33
96,sophisticated,9,-35
96,sophisticated,7,-37
96,sophisticated,27,-9
96,sophisticated,21,-13
96,sophisticated,17,38
96,sophisticated,4,7
96,sophisticated,1,-27
96,sophisticated,24,-22
96,sophisticated,8,-35
96,sophisticated,19,0
96,sophisticated,18,30
96,sophisticated,23,-25
96,sophisticated,20,1
96,sophisticated,6,-38
96,sophisticated,22,-36
96,sophisticated,25,34
96,sophisticated,14,39
96,sophisticated,15,39
96,sophisticated,13,20
97,sophisticated,6,-40
97,sophisticated,3,-32
97,sophisticated,15,35
97,sophisticated,21,-27
97,sophisticated,4,-20
97,sophisticated,13,29
97,sophisticated,12,18
97,sophisticated,26,-23
97,sophisticated,17,7
97,sophisticated,7,-23
97,sophisticated,20,12
97,sophisticated,25,15
97,sophisticated,11,-18
97,sophisticated,8,7
97,sophisticated,2,30
97,sophisticated,19,-33
97,sophisticated,24,-38
97,sophisticated,9,-33
97,sophisticated,10,29
97,sophisticated,16,23
97,sophisticated,1,-19
97,sophisticated,14,23
97,sophisticated,27,-23
97,sophisticated,18,7
97,sophisticated,23,-3
97,sophisticated,5,-17
97,sophisticated,22,31
98,sophisticated,7,-37
98,sophisticated,12,24
98,sophisticated,19,0
98,sophisticated,23,14
98,sophisticated,2,-32
98,sophisticated,1,-46
98,sophisticated,11,37
98,sophisticated,26,-1
98,sophisticated,5,-42
98,sophisticated,21,-34
98,sophisticated,10,30
98,sophisticated,9,-36
98,sophisticated,17,23
98,sophisticated,20,27
98,sophisticated,15,26
98,sophisticated,6,-49
98,sophisticated,3,-36
98,sophisticated,18,-30
98,sophisticated,27,-1
98,sophisticated,4,-29
98,sophisticated,13,32
98,sophisticated,22,21
98,sophisticated,14,42
98,sophisticated,25,-34
98,sophisticated,8,-27
98,sophisticated,24,0
98,sophisticated,16,36
99,sophisticated,6,39
99,sophisticated,5,47
99,sophisticated,13,48
99,sophisticated,18,46
99,sophisticated,27,-37
99,sophisticated,7,-38
99,sophisticated,3,42
99,sophisticated,10,45
99,sophisticated,4,-42
99,sophisticated,21,46
99,sophisticated,16,-37
99,sophisticated,22,37
99,sophisticated,12,-41
99,sophisticated,19,40
99,sophisticated,8,-38
99,sophisticated,24,41
99,sophisticated,11,33
99,sophisticated,20,0
99,sophisticated,17,-39
99,sophisticated,14,-24
99,sophisticated,1,42
99,sophisticated,9,-44
99,sophisticated,23,1
99,sophisticated,2,43
99,sophisticated,26,0
99,sophisticated,25,45
99,sophisticated,15,40
100,sophisticated,27,-6
100,sophisticated,3,-41
100,sophisticated,1,-38
100,sophisticated,8,-13
100,sophisticated,10,16
100,sophisticated,6,-22
100,sophisticated,2,-38
100,sophisticated,22,0
100,sophisticated,13,34
100,sophisticated,14,34
100,sophisticated,15,37
100,sophisticated,24,-3
100,sophisticated,11,14
100,sophisticated,7,-7
100,sophisticated,18,6
100,sophisticated,26,0
100,sophisticated,4,-26
100,sophisticated,5,-5
100,sophisticated,16,2
100,sophisticated,23,-3
100,sophisticated,20,2
100,sophisticated,9,-26
100,sophisticated,17,25
100,sophisticated,25,5
100,sophisticated,21,1
100,sophisticated,12,4
100,sophisticated,19,0
